use gauchorocket;

insert into reserva values
('a00001'),
('a00002'),
('a00003'),
('a00004'),
('a00005'),
('a00006'),
('a00007'),
('a00008'),
('a00009'),
('a00010'),
('a00011'),
('a00012'),
('a00013'),
('a00014'),
('a00015'),
('a00016'),
('a00017'),
('a00018'),
('a00019'),
('a00020');

insert into itemReserva (idItemReserva, fkCodigoReserva, fkCodigoServicio, fkCodigoCabina, checkin, pago,
	fechaLimiteDeCheckin, fechaInicioDeCheckin, fechaConfirmacion, fechaQuePidioReserva, listaDeEspera) values
(0001, 'a00001', 1, 1, true, true, '2019.12.31 12:00:00', '2019.12.29 14:00:00', '2019.12.30 12:00:00', '2019.01.01 12:00:00', false),
(0002, 'a00002', 2, 2, true, true, '2019.12.31 12:00:00', '2019.12.29 14:00:00', '2019.12.30 12:00:00', '2019.01.01 12:00:00', false),
(0003, 'a00003', 2, 2, true, true, '2019.12.31 12:00:00', '2019.12.29 14:00:00', '2019.12.30 12:00:00', '2019.01.01 12:00:00', false),
(0004, 'a00004', 3, 3, true, true, '2019.12.31 12:00:00', '2019.12.29 14:00:00', '2019.12.30 12:00:00', '2019.02.01 12:00:00', false),
(0005, 'a00005', 3, 3, true, true, '2019.12.31 12:00:00', '2019.12.29 14:00:00', '2019.12.30 12:00:00', '2019.03.01 12:00:00', false),
(0006, 'a00006', 3, 3, true, true, '2019.12.31 12:00:00', '2019.12.29 14:00:00', '2019.12.30 12:00:00', '2019.04.01 12:00:00', false),
(0007, 'a00007', 1, 1, true, true, '2019.12.31 12:00:00', '2019.12.29 14:00:00', '2019.12.30 12:00:00', '2019.05.01 12:00:00', false),
(0008, 'a00008', 1, 1, true, true, '2019.12.31 12:00:00', '2019.12.29 14:00:00', '2019.12.30 12:00:00', '2019.05.01 12:00:00', false),
(0009, 'a00009', 1, 1, true, true, '2019.12.31 12:00:00', '2019.12.29 14:00:00', '2019.12.30 12:00:00', '2019.05.01 12:00:00', false),
(0010, 'a00010', 1, 1, true, true, '2019.12.31 12:00:00', '2019.12.29 14:00:00', '2019.12.30 12:00:00', '2019.05.01 12:00:00', false),
(0011, 'a00011', 2, 2, true, true, '2019.12.31 12:00:00', '2019.12.29 14:00:00', '2019.12.30 12:00:00', '2019.06.01 12:00:00', false),
(0012, 'a00012', 3, 3, true, true, '2019.12.31 12:00:00', '2019.12.29 14:00:00', '2019.12.30 12:00:00', '2019.07.01 12:00:00', false),
(0013, 'a00013', 3, 3, true, true, '2019.12.31 12:00:00', '2019.12.29 14:00:00', '2019.12.30 12:00:00', '2019.08.01 12:00:00', false),
(0014, 'a00014', 1, 1, true, true, '2019.12.31 12:00:00', '2019.12.29 14:00:00', '2019.12.30 12:00:00', '2019.09.01 12:00:00', false),
(0015, 'a00015', 2, 2, true, true, '2019.12.31 12:00:00', '2019.12.29 14:00:00', '2019.12.30 12:00:00', '2019.08.01 12:00:00', false),
(0016, 'a00016', 2, 2, true, true, '2019.12.31 12:00:00', '2019.12.29 14:00:00', '2019.12.30 12:00:00', '2019.08.01 12:00:00', false),
(0017, 'a00017', 1, 1, true, true, '2019.12.31 12:00:00', '2019.12.29 14:00:00', '2019.12.30 12:00:00', '2019.08.01 12:00:00', false),
(0018, 'a00018', 3, 3, true, true, '2019.12.31 12:00:00', '2019.12.29 14:00:00', '2019.12.30 12:00:00', '2019.09.01 12:00:00', false),
(0019, 'a00019', 3, 3, true, true, '2019.12.31 12:00:00', '2019.12.29 14:00:00', '2019.12.30 12:00:00', '2019.10.01 12:00:00', false),
(0020, 'a00020', 3, 3, true, true, '2019.12.31 12:00:00', '2019.12.29 14:00:00', '2019.12.30 12:00:00', '2019.11.01 12:00:00', false);

insert into ubicacion (estado, fkIdTrayecto, fkCodigoViaje, fkCodigoCabina, fkCodigoReserva, nroUbicacion) values
(false, 2, 2, 1, 'a00001', null),
(false, 2, 2, 2, 'a00002', null),
(false, 2, 2, 2, 'a00003', null),
(false, 2, 2, 3, 'a00004', null),
(false, 2, 2, 3, 'a00005', null),
(false, 2, 2, 3, 'a00006', null),
(false, 2, 2, 1, 'a00007', null),
(false, 2, 2, 1, 'a00008', null),
(false, 2, 2, 1, 'a00009', null),
(false, 2, 2, 1, 'a00010', null),
(false, 2, 2, 2, 'a00011', null),
(false, 2, 2, 3, 'a00012', null),
(false, 2, 2, 3, 'a00013', null),
(false, 2, 2, 1, 'a00014', null),
(false, 2, 2, 2, 'a00015', null),
(false, 2, 2, 2, 'a00016', null),
(false, 2, 2, 1, 'a00017', null),
(false, 2, 2, 3, 'a00018', null),
(false, 2, 2, 3, 'a00019', null),
(false, 2, 2, 3, 'a00020', null);

insert into relacionClienteItemReserva (fkIdItemReserva, fkEmailCliente, fecha) values
(0001, 'dos@gmail.com', now()),
(0002, 'dos@gmail.com', now()),
(0003, 'dos@gmail.com', now()),
(0004, 'dos@gmail.com', now()),
(0005, 'dos@gmail.com', now()),
(0006, 'dos@gmail.com', now()),
(0007, 'dos@gmail.com', now()),
(0008, 'dos@gmail.com', now()),
(0009, 'dos@gmail.com', now()),
(0010, 'dos@gmail.com', now()),
(0011, 'dos@gmail.com', now()),
(0012, 'dos@gmail.com', now()),
(0013, 'dos@gmail.com', now()),
(0014, 'dos@gmail.com', now()),
(0015, 'dos@gmail.com', now()),
(0016, 'dos@gmail.com', now()),
(0017, 'dos@gmail.com', now()),
(0018, 'dos@gmail.com', now()),
(0019, 'dos@gmail.com', now()),
(0020, 'dos@gmail.com', now());

insert into relacionReservaTrayecto (fkCodigoReserva, fkIdTrayecto) values
('a00001', 2),
('a00002', 2),
('a00003', 2),
('a00004', 2),
('a00005', 2),
('a00006', 2),
('a00007', 2),
('a00008', 2),
('a00009', 2),
('a00010', 2),
('a00011', 2),
('a00012', 2),
('a00013', 2),
('a00014', 2),
('a00015', 2),
('a00016', 2),
('a00017', 2),
('a00018', 2),
('a00019', 2),
('a00020', 2);



































